{"duration": 20.326204299926758, "input_args": {}, "time": 1707123765.9386344}