{"title":{"0":"Shawshank Redemption, The (1994)","1":"Godfather, The (1972)","2":"Usual Suspects, The (1995)","3":"Schindler's List (1993)","4":"Godfather: Part II, The (1974)","5":"One Flew Over the Cuckoo's Nest (1975)","6":"Casablanca (1942)","7":"Fight Club (1999)","8":"Rear Window (1954)","9":"Dr. Strangelove or: How I Learned to Stop Worrying and Love the Bomb (1964)"},"avg_rating":{"0":4.4469904996,"1":4.3647321968,"2":4.3343722078,"3":4.310175011,"4":4.2756405577,"5":4.248078979,"6":4.2583268307,"7":4.2271231237,"8":4.2713336008,"9":4.2472868217},"count_rating":{"0":63366,"1":41355,"2":47006,"3":50054,"4":27398,"5":29932,"6":24349,"7":40106,"8":17449,"9":23220},"w_score":{"0":4.4204610851,"1":4.3270331051,"2":4.3019034463,"3":4.2802484287,"4":4.2236642732,"5":4.2014712625,"6":4.2010547377,"7":4.1926267579,"8":4.1920852731,"9":4.1879662112}}