{"duration": 0.061017751693725586, "input_args": {}, "time": 1706870694.343275}